INSERT INTO role (id, code, name, enabled)
VALUES (1, 'ROLE_TEST', '测试员', true),
       (2, 'ROLE_SUPER_ADMIN', '超级管理员', true);

INSERT INTO "user" (id, username, password)
VALUES (1, 'admin', '{bcrypt}$2a$10$IlYJ6qn4gyXUL.CCLzlN4ujjzlfI.3UbB0VQrYSUmiaPKpcnxdU.G');

INSERT INTO user_role_relation (user_id, role_id)
VALUES (1, 1),
       (1, 2);

insert into menu (id, parent_id, disabled, extra, icon, key, label, show, path, name, redirect, component, sort_order,
                  pinned, show_tab, enable_multi_tab)
values (1, null, false, null, 'iconify-[mage--dashboard-chart]', 'dashboard', '仪表板', true, 'dashboard', 'dashboard',
        null, 'dashboard/index', 0, true, true, false),
       (2, null, false, null, 'iconify-[fluent--data-area-32-regular]', 'dataShow', '数据展示', true, 'data-show',
        'dataShow', 'data-show/data-table', null, 0, false, true, false),
       (3, 2, false, null, 'iconify-[ph--table]', 'dataTable', '数据表格', true, 'data-table', 'dataTable', null,
        'data-show/data-table/index', 0, false, true, false),
       (4, 2, false, null, 'iconify-[ph--article]', 'dataForm', '数据表单', true, 'data-form', 'dataForm', null,
        'data-show/data-form/index', 0, false, true, false),
       (5, null, false, null, 'iconify-[ph--list]', 'multiLevelMenu', '多级菜单', true, 'multi-level-menu',
        'multiLevelMenu', 'multi-level-menu/level-1', null, 0, false, true, false),
       (6, 5, false, null, 'iconify-[ph--squares-four]', 'level-2-1', '图标菜单', true, 'level-2-1', 'level-2-1', null,
        'multi-level-menu/index', 0, false, true, false),
       (7, 5, false, null, null, 'level-2-2', '无图标菜单', true, 'level-2-2', 'level-2-2', null,
        'multi-level-menu/index', 0, false, true, false),
       (8, 5, false, null, 'iconify-[ph--squares-four]', 'level-2-3', '菜单2-3', true, 'level-2-3', 'level-2-3', null,
        'multi-level-menu/index', 0, false, true, false),
       (9, 5, false, null, 'iconify-[ph--squares-four]', 'level-2-4', '不创建tab', true, 'level-2-4', 'level-2-4', null,
        'multi-level-menu/index', 0, false, true, false),
       (10, 5, false, null, 'iconify-[ph--squares-four]', 'level-2-5', '三级菜单', true, 'level-2-5', 'level-2-5',
        'level-2-5/level-2-1', null, 0, false, true, false),
       (11, 10, false, null, 'iconify-[ph--squares-four]', 'level-3-1', '菜单3-1', true, 'level-3-1', 'level-3-1', null,
        'multi-level-menu/index', 0, false, true, false),
       (12, 10, false, null, 'iconify-[ph--squares-four]', 'level-3-2', '菜单3-2', true, 'level-3-2', 'level-3-2', null,
        'multi-level-menu/index', 0, false, true, false),
       (13, 10, true, null, 'iconify-[ph--squares-four]', 'level-3-3', '禁用菜单', true, 'level-3-3', 'level-3-3', null,
        'multi-level-menu/index', 0, false, true, false),
       (14, null, false, null, 'iconify-[material-symbols--dynamic-feed]', 'dynamicRoute', '动态路由', true,
        'dynamic-route/:id?/:name?', 'dynamicRoute', null, 'dynamic-route/index', 0, false, true, false),
       (15, null, false, null, 'iconify-[ph--messenger-logo]', 'feedback', '反馈组件', true, 'feedback', 'feedback',
        null, 'feedback/index', 0, false, true, false),
       (16, null, false, null, 'iconify-[pixelarticons--drag-and-drop]', 'dragDrop', '拖拽模块', true, 'drag-drop',
        'dragDrop', null, 'drag-drop/index', 0, false, true, false),
       (17, null, false, null, 'iconify-[streamline-freehand--server-error-404-not-found]', 'notfoundPage', '404页面',
        true, 'not-found-page-404', 'notfoundPage', null, 'error-page/404', 0, false, true, false),
       (18, null, false, null, 'iconify-[ph--info]', 'about', '关于项目', true, 'about', 'about', null, 'about/index',
        0, false, true, false),
       (19, null, false, null, 'iconify-[ic--outline-dataset]', 'dataset', '数据集', true, 'dataset', 'dataset', null,
        'dataset', 0, false, true, false),
       (20, 19, false, null, 'iconify-[ic--baseline-type-specimen]', 'type', '属性管理', true, 'type', 'type', null,
        'dataset/type/index', 0, false, true, false),
       (21, 19, false, null, 'iconify-[game-icons--diamond-hard]', 'berry-firmness', '树果硬度管理', true,
        'berry-firmness', 'berry-firmness', null,
        'dataset/berry-firmness/index', 0, false, true, false),
       (22, 19, false, null, 'iconify-[game-icons--opened-food-can]', 'berry-flavor', '树果风味管理', true,
        'berry-flavor', 'berry-flavor', null,
        'dataset/berry-flavor/index', 0, false, true, false),
       (23, 19, false, null, 'iconify-[game-icons--elderberry]', 'berry', '树果管理', true,
        'berry', 'berry', null,
        'dataset/berry/index', 0, false, true, false);

INSERT INTO role_menu_relation (role_id,menu_id)
VALUES (1, 1),
       (2, 1),
       (1, 2),
       (2, 2),
       (1, 3),
       (2, 3),
       (1, 4),
       (2, 4),
       (1, 5),
       (2, 5),
       (1, 6),
       (2, 6),
       (1, 7),
       (2, 7),
       (1, 8),
       (2, 8),
       (1, 9),
       (2, 9),
       (1, 10),
       (2, 10),
       (1, 11),
       (2, 11),
       (1, 12),
       (2, 12),
       (1, 13),
       (2, 13),
       (1, 14),
       (2, 14),
       (1, 15),
       (2, 15),
       (1, 16),
       (2, 16),
       (1, 17),
       (2, 17),
       (1, 18),
       (2, 18),
       (1, 19),
       (2, 19),
       (1, 20),
       (2, 20),
       (1, 21),
       (2, 21),
       (1, 22),
       (2, 22),
       (1, 23),
       (2, 23);
